{"items":[{"name":"Enemy.swf/0000","width":72,"frameHeight":120,"x":190,"y":197,"height":90,"frameX":-15,"frameY":-17,"frameWidth":100},{"name":"Enemy.swf/0001","width":72,"frameHeight":120,"x":190,"y":197,"height":90,"frameX":-15,"frameY":-17,"frameWidth":100},{"name":"Enemy.swf/0002","width":72,"frameHeight":120,"x":190,"y":197,"height":90,"frameX":-15,"frameY":-17,"frameWidth":100},{"name":"Enemy.swf/0003","width":72,"frameHeight":120,"x":264,"y":197,"height":88,"frameX":-15,"frameY":-19,"frameWidth":100},{"name":"Enemy.swf/0004","width":72,"frameHeight":120,"x":264,"y":197,"height":88,"frameX":-15,"frameY":-19,"frameWidth":100},{"name":"Enemy.swf/0005","width":72,"frameHeight":120,"x":264,"y":197,"height":88,"frameX":-15,"frameY":-19,"frameWidth":100},{"name":"Enemy.swf/0006","width":72,"frameHeight":120,"x":338,"y":197,"height":86,"frameX":-15,"frameY":-21,"frameWidth":100},{"name":"Enemy.swf/0007","width":72,"frameHeight":120,"x":338,"y":197,"height":86,"frameX":-15,"frameY":-21,"frameWidth":100},{"name":"Enemy.swf/0008","width":72,"frameHeight":120,"x":338,"y":197,"height":86,"frameX":-15,"frameY":-21,"frameWidth":100},{"name":"Enemy.swf/0009","width":72,"frameHeight":120,"x":188,"y":428,"height":78,"frameX":-15,"frameY":-29,"frameWidth":100},{"name":"Enemy.swf/0010","width":72,"frameHeight":120,"x":188,"y":428,"height":78,"frameX":-15,"frameY":-29,"frameWidth":100},{"name":"Enemy.swf/0011","width":72,"frameHeight":120,"x":188,"y":428,"height":78,"frameX":-15,"frameY":-29,"frameWidth":100},{"name":"Enemy.swf/0012","width":72,"frameHeight":120,"x":338,"y":197,"height":86,"frameX":-15,"frameY":-21,"frameWidth":100},{"name":"Enemy.swf/0013","width":72,"frameHeight":120,"x":338,"y":197,"height":86,"frameX":-15,"frameY":-21,"frameWidth":100},{"name":"Enemy.swf/0014","width":72,"frameHeight":120,"x":338,"y":197,"height":86,"frameX":-15,"frameY":-21,"frameWidth":100},{"name":"Enemy.swf/0015","width":72,"frameHeight":120,"x":264,"y":197,"height":88,"frameX":-15,"frameY":-19,"frameWidth":100},{"name":"Enemy.swf/0016","width":72,"frameHeight":120,"x":264,"y":197,"height":88,"frameX":-15,"frameY":-19,"frameWidth":100},{"name":"Enemy.swf/0017","width":72,"frameHeight":120,"x":264,"y":197,"height":88,"frameX":-15,"frameY":-19,"frameWidth":100},{"name":"Runner.swf/0000","width":56,"frameHeight":150,"x":130,"y":329,"height":130,"frameX":-6,"frameY":-11,"frameWidth":100},{"name":"Runner.swf/0001","width":56,"frameHeight":150,"x":130,"y":329,"height":130,"frameX":-6,"frameY":-11,"frameWidth":100},{"name":"Runner.swf/0002","width":68,"frameHeight":150,"x":2,"y":333,"height":132,"frameX":-2,"frameY":-9,"frameWidth":100},{"name":"Runner.swf/0003","width":68,"frameHeight":150,"x":2,"y":333,"height":132,"frameX":-2,"frameY":-9,"frameWidth":100},{"name":"Runner.swf/0004","width":68,"frameHeight":150,"x":2,"y":333,"height":132,"frameX":-2,"frameY":-9,"frameWidth":100},{"name":"Runner.swf/0005","width":68,"frameHeight":150,"x":120,"y":197,"height":130,"frameX":-4,"frameY":-11,"frameWidth":100},{"name":"Runner.swf/0006","width":68,"frameHeight":150,"x":120,"y":197,"height":130,"frameX":-4,"frameY":-11,"frameWidth":100},{"name":"Runner.swf/0007","width":68,"frameHeight":150,"x":120,"y":197,"height":130,"frameX":-4,"frameY":-11,"frameWidth":100},{"name":"Runner.swf/0008","width":56,"frameHeight":150,"x":72,"y":331,"height":132,"frameX":-8,"frameY":-9,"frameWidth":100},{"name":"Runner.swf/0009","width":56,"frameHeight":150,"x":72,"y":331,"height":132,"frameX":-8,"frameY":-9,"frameWidth":100},{"name":"Runner.swf/0010","width":56,"frameHeight":150,"x":72,"y":331,"height":132,"frameX":-8,"frameY":-9,"frameWidth":100},{"name":"Runner.swf/0011","width":52,"frameHeight":150,"x":2,"y":197,"height":134,"frameX":-10,"frameY":-7,"frameWidth":100},{"name":"Runner.swf/0012","width":52,"frameHeight":150,"x":2,"y":197,"height":134,"frameX":-10,"frameY":-7,"frameWidth":100},{"name":"Runner.swf/0013","width":52,"frameHeight":150,"x":2,"y":197,"height":134,"frameX":-10,"frameY":-7,"frameWidth":100},{"name":"Runner.swf/0014","width":62,"frameHeight":150,"x":56,"y":197,"height":132,"frameX":-10,"frameY":-9,"frameWidth":100},{"name":"Runner.swf/0015","width":62,"frameHeight":150,"x":56,"y":197,"height":132,"frameX":-10,"frameY":-9,"frameWidth":100},{"name":"bg1","width":1020,"x":2,"y":2,"height":110},{"name":"bg2","width":1014,"x":2,"y":114,"height":81},{"name":"groundTop","width":330,"x":188,"y":329,"height":97},{"name":"particle","width":8,"x":2,"y":467,"height":8},{"name":"cloud","width":50,"x":518,"y":329,"height":34}],"type":{"id":"tilesheet","api":"1"}}