<?xml version="1.0" encoding="UTF-8"?>
<!-- Created with TexturePacker http://texturepacker.com-->
<!-- $TexturePacker:SmartUpdate:2828d5b06d193c039ea5d8a19aac3ba8$ -->
<TextureAtlas imagePath="RunnerMark.png">
    <SubTexture name="Enemy.swf/0000" x="190" y="197" width="72" height="90" frameX="-15" frameY="-17" frameWidth="100" frameHeight="120"/>
    <SubTexture name="Enemy.swf/0001" x="190" y="197" width="72" height="90" frameX="-15" frameY="-17" frameWidth="100" frameHeight="120"/>
    <SubTexture name="Enemy.swf/0002" x="190" y="197" width="72" height="90" frameX="-15" frameY="-17" frameWidth="100" frameHeight="120"/>
    <SubTexture name="Enemy.swf/0003" x="264" y="197" width="72" height="88" frameX="-15" frameY="-19" frameWidth="100" frameHeight="120"/>
    <SubTexture name="Enemy.swf/0004" x="264" y="197" width="72" height="88" frameX="-15" frameY="-19" frameWidth="100" frameHeight="120"/>
    <SubTexture name="Enemy.swf/0005" x="264" y="197" width="72" height="88" frameX="-15" frameY="-19" frameWidth="100" frameHeight="120"/>
    <SubTexture name="Enemy.swf/0006" x="338" y="197" width="72" height="86" frameX="-15" frameY="-21" frameWidth="100" frameHeight="120"/>
    <SubTexture name="Enemy.swf/0007" x="338" y="197" width="72" height="86" frameX="-15" frameY="-21" frameWidth="100" frameHeight="120"/>
    <SubTexture name="Enemy.swf/0008" x="338" y="197" width="72" height="86" frameX="-15" frameY="-21" frameWidth="100" frameHeight="120"/>
    <SubTexture name="Enemy.swf/0009" x="188" y="428" width="72" height="78" frameX="-15" frameY="-29" frameWidth="100" frameHeight="120"/>
    <SubTexture name="Enemy.swf/0010" x="188" y="428" width="72" height="78" frameX="-15" frameY="-29" frameWidth="100" frameHeight="120"/>
    <SubTexture name="Enemy.swf/0011" x="188" y="428" width="72" height="78" frameX="-15" frameY="-29" frameWidth="100" frameHeight="120"/>
    <SubTexture name="Enemy.swf/0012" x="338" y="197" width="72" height="86" frameX="-15" frameY="-21" frameWidth="100" frameHeight="120"/>
    <SubTexture name="Enemy.swf/0013" x="338" y="197" width="72" height="86" frameX="-15" frameY="-21" frameWidth="100" frameHeight="120"/>
    <SubTexture name="Enemy.swf/0014" x="338" y="197" width="72" height="86" frameX="-15" frameY="-21" frameWidth="100" frameHeight="120"/>
    <SubTexture name="Enemy.swf/0015" x="264" y="197" width="72" height="88" frameX="-15" frameY="-19" frameWidth="100" frameHeight="120"/>
    <SubTexture name="Enemy.swf/0016" x="264" y="197" width="72" height="88" frameX="-15" frameY="-19" frameWidth="100" frameHeight="120"/>
    <SubTexture name="Enemy.swf/0017" x="264" y="197" width="72" height="88" frameX="-15" frameY="-19" frameWidth="100" frameHeight="120"/>
    <SubTexture name="Runner.swf/0000" x="130" y="329" width="56" height="130" frameX="-6" frameY="-11" frameWidth="100" frameHeight="150"/>
    <SubTexture name="Runner.swf/0001" x="130" y="329" width="56" height="130" frameX="-6" frameY="-11" frameWidth="100" frameHeight="150"/>
    <SubTexture name="Runner.swf/0002" x="2" y="333" width="68" height="132" frameX="-2" frameY="-9" frameWidth="100" frameHeight="150"/>
    <SubTexture name="Runner.swf/0003" x="2" y="333" width="68" height="132" frameX="-2" frameY="-9" frameWidth="100" frameHeight="150"/>
    <SubTexture name="Runner.swf/0004" x="2" y="333" width="68" height="132" frameX="-2" frameY="-9" frameWidth="100" frameHeight="150"/>
    <SubTexture name="Runner.swf/0005" x="120" y="197" width="68" height="130" frameX="-4" frameY="-11" frameWidth="100" frameHeight="150"/>
    <SubTexture name="Runner.swf/0006" x="120" y="197" width="68" height="130" frameX="-4" frameY="-11" frameWidth="100" frameHeight="150"/>
    <SubTexture name="Runner.swf/0007" x="120" y="197" width="68" height="130" frameX="-4" frameY="-11" frameWidth="100" frameHeight="150"/>
    <SubTexture name="Runner.swf/0008" x="72" y="331" width="56" height="132" frameX="-8" frameY="-9" frameWidth="100" frameHeight="150"/>
    <SubTexture name="Runner.swf/0009" x="72" y="331" width="56" height="132" frameX="-8" frameY="-9" frameWidth="100" frameHeight="150"/>
    <SubTexture name="Runner.swf/0010" x="72" y="331" width="56" height="132" frameX="-8" frameY="-9" frameWidth="100" frameHeight="150"/>
    <SubTexture name="Runner.swf/0011" x="2" y="197" width="52" height="134" frameX="-10" frameY="-7" frameWidth="100" frameHeight="150"/>
    <SubTexture name="Runner.swf/0012" x="2" y="197" width="52" height="134" frameX="-10" frameY="-7" frameWidth="100" frameHeight="150"/>
    <SubTexture name="Runner.swf/0013" x="2" y="197" width="52" height="134" frameX="-10" frameY="-7" frameWidth="100" frameHeight="150"/>
    <SubTexture name="Runner.swf/0014" x="56" y="197" width="62" height="132" frameX="-10" frameY="-9" frameWidth="100" frameHeight="150"/>
    <SubTexture name="Runner.swf/0015" x="56" y="197" width="62" height="132" frameX="-10" frameY="-9" frameWidth="100" frameHeight="150"/>
    <SubTexture name="bg1" x="2" y="2" width="1020" height="110"/>
    <SubTexture name="bg2" x="2" y="114" width="1014" height="81"/>
    <SubTexture name="groundTop" x="188" y="329" width="330" height="97"/>
   	<SubTexture name="particle" x="2" y="467" width="8" height="8"/>
    <SubTexture name="cloud" x="518" y="329" width="50" height="34"/>
    
</TextureAtlas>
